{"graph": [[2, [[5, 1], [1, 3], [3, 4]]], [3, [[8, 5], [6, 6]]], [6, [[7, 7]]], [7, [[10, 8], [4, 13], [18, 18]]], [1, [[9, 9], [11, 10], [16, 15]]], [11, [[12, 11]]], [5, [[13, 12], [19, 19]]], [4, [[15, 16]]], [9, [[17, 17]]]], "node_counts": 19, "line_counts": 19, "nodes": [[355, 277, "Text\n\n", 10, 0, 1, "\u5fae\u79ef\u5206"], [508, 288, "Text\n", 10, 1, 2, "\u6570\u5b66"], [569, 399, "Text\n\n", 10, 0, 3, "\u7ebf\u6027\u4ee3\u6570"], [656, 692, "Text\n", 10, 0, 4, "\u6570\u8bba"], [612, 176, "Text\n", 10, 0, 5, "\u96c6\u5408\u8bba"], [566, 511, "Text\n", 10, 0, 6, "\u9ad8\u7b49\u4ee3\u6570"], [550, 612, "Text\n", 10, 0, 7, "\u62bd\u8c61\u4ee3\u6570"], [770, 456, "Text\n", 10, 0, 8, "\u77e9\u9635\u5206\u6790"], [198, 330, "Text\n", 10, 0, 9, "\u5fae\u5206\u51e0\u4f55"], [353, 658, "Text\n", 10, 0, 10, "\u674e\u4ee3\u6570"], [405, 564, "Text\n\n\n", 10, 0, 11, "\u590d\u5206\u6790"], [279, 461, "Text\n", 10, 0, 12, "\u5085\u91cc\u53f6\u5206\u6790"], [761, 124, "Text\n", 10, 0, 13, "\u79bb\u6563\u6570\u5b66"], [739, 631, "Text\n", 10, 0, 15, "\u5bc6\u7801\u5b66"], [288, 203, "Text\n", 10, 0, 16, "\u6982\u7387\u8bba"], [168, 581, "Text\n", 10, 0, 17, "\u62d3\u6251\u5206\u6790"], [715, 559, "Text\n", 10, 0, 18, "\u56fe\u8bba"], [532, 86, "Text\n", 10, 0, 19, "\u9009\u62e9\u516c\u7406"]], "lines": [[2, 5, true, 1, 3, 1], [2, 1, true, 1, 3, 3], [2, 3, true, 1, 3, 4], [3, 8, true, 1, 3, 5], [3, 6, true, 1, 3, 6], [6, 7, true, 1, 3, 7], [7, 10, true, 1, 3, 8], [1, 9, true, 1, 3, 9], [1, 11, true, 1, 3, 10], [11, 12, true, 1, 3, 11], [5, 13, true, 1, 3, 12], [7, 4, true, 1, 3, 13], [1, 16, true, 1, 3, 15], [4, 15, true, 1, 3, 16], [9, 17, true, 1, 3, 17], [7, 18, true, 1, 3, 18], [5, 19, true, 1, 3, 19]], "textblanks": [["\u96c6\u5408\u8bba", 597.0792888495056, 138.88703220215996, false, [596, 139, 686, 160], 30, "white", ["\u9ed1\u4f53", 16], 5], ["\u6570\u5b66", 548, 288, false, [547, 288, 615, 309], 30, "white", ["\u9ed1\u4f53", 16], 2], ["\u7ebf\u6027\u4ee3\u6570", 590.4750196877264, 365.2535404907157, false, [589, 365, 701, 386], 30, "white", ["\u9ed1\u4f53", 16], 3], ["\u5fae\u79ef\u5206", 385.53545141476457, 302.837689658647, false, [385, 303, 475, 324], 30, "white", ["\u9ed1\u4f53", 16], 1], ["\u6570\u8bba", 695.9273975747994, 694.4089256742167, false, [695, 694, 763, 715], 30, "white", ["\u9ed1\u4f53", 16], 4], ["\u9ad8\u7b49\u4ee3\u6570", 603.0067447349899, 495.8177457497477, false, [602, 496, 714, 517], 30, "white", ["\u9ed1\u4f53", 16], 6], ["\u62bd\u8c61\u4ee3\u6570", 525.9923912504535, 580.005707975817, false, [525, 580, 637, 601], 30, "white", ["\u9ed1\u4f53", 16], 7], ["\u77e9\u9635\u5206\u6790", 794.5576245405969, 487.574088695053, false, [794, 488, 906, 509], 30, "white", ["\u9ed1\u4f53", 16], 8], ["\u674e\u4ee3\u6570", 320.70121266423234, 681.5963627840999, false, [320, 682, 410, 703], 30, "white", ["\u9ed1\u4f53", 16], 10], ["\u5fae\u5206\u51e0\u4f55", 190.564333275806, 369.3028098278827, false, [190, 369, 302, 390], 30, "white", ["\u9ed1\u4f53", 16], 9], ["\u590d\u5206\u6790", 385.2794971207648, 529.1991125660555, false, [384, 529, 474, 550], 30, "white", ["\u9ed1\u4f53", 16], 11], ["\u5085\u91cc\u53f6\u5206\u6790", 308.80965254100397, 434.32820562120696, false, [308, 434, 442, 455], 30, "white", ["\u9ed1\u4f53", 16], 12], ["\u79bb\u6563\u6570\u5b66", 783.4732000630427, 90.90989152440781, false, [782, 91, 894, 112], 30, "white", ["\u9ed1\u4f53", 16], 13], ["\u5bc6\u7801\u5b66", 779, 631, false, [778, 631, 868, 652], 30, "white", ["\u9ed1\u4f53", 16], 15], ["\u6982\u7387\u8bba", 312.46641878136836, 171.355184437025, false, [311, 171, 401, 192], 30, "white", ["\u9ed1\u4f53", 16], 16], ["\u62d3\u6251\u5206\u6790", 208, 581, false, [207, 581, 319, 602], 30, "white", ["\u9ed1\u4f53", 16], 17], ["\u56fe\u8bba", 755, 559, false, [754, 559, 822, 580], 30, "white", ["\u9ed1\u4f53", 16], 18], ["\u9009\u62e9\u516c\u7406", 572, 86, false, [571, 86, 683, 107], 30, "white", ["\u9ed1\u4f53", 16], 19]]}